,FAKE,REAL,TOTAL,CREDIBILITY
0-unknown,3681,1037,4718,0.219796523951
1-extreme left,109,140,249,0.562248995984
2-left,367,310,677,0.457902511078
3-center left,141,63,204,0.308823529412
5-center right,213,60,273,0.21978021978
6-right,1197,573,1770,0.323728813559
7-extreme right,1239,795,2034,0.390855457227
