,FAKE,REAL,TOTAL,CREDIBILITY
2-left,103,1230,1333,0.922730682671
3-center left,84,937,1021,0.917727717924
6-right,74,1360,1434,0.94839609484
0-unknown,56,325,381,0.853018372703
4-center,55,1241,1296,0.957561728395
7-extreme right,33,286,319,0.896551724138
5-center right,6,126,132,0.954545454545
