,FAKE,REAL,TOTAL,CREDIBILITY
0-unknown,105,220,325,0.676923076923
2-left,752,478,1230,0.388617886179
3-center left,403,534,937,0.569903948773
4-center,454,787,1241,0.634165995165
5-center right,54,72,126,0.571428571429
6-right,580,780,1360,0.573529411765
7-extreme right,71,215,286,0.751748251748
