Shift,Pearson Correlation
0,0.309809
1,0.479585
2,0.592251
3,0.588924
4,0.577635
5,0.550583
6,0.550717
7,0.526258
8,0.508245
9,0.373337